--------------------------------------------------------
--  File created - Thursday-November-10-2016   
--------------------------------------------------------
--------------------------------------------------------
--  DDL for Table AUTOMOVEIS
--------------------------------------------------------

  CREATE TABLE bd1_1511068."AUTOMOVEIS" 
   (	"CODIGO" NUMBER(*,0), 
	"ANO" NUMBER(4,0), 
	"FABRICANTE" VARCHAR2(20 BYTE), 
	"MODELO" VARCHAR2(20 BYTE), 
	"PRECO_TABELA" NUMBER(15,2), 
	"PAIS" VARCHAR2(20 BYTE)
   ) PCTFREE 10 PCTUSED 40 INITRANS 1 MAXTRANS 255 NOCOMPRESS LOGGING
  STORAGE(INITIAL 65536 NEXT 1048576 MINEXTENTS 1 MAXEXTENTS 2147483645
  PCTINCREASE 0 FREELISTS 1 FREELIST GROUPS 1 BUFFER_POOL DEFAULT)
  TABLESPACE "USERS" ;
--------------------------------------------------------
--  DDL for Table COMPRADORES
--------------------------------------------------------

  CREATE TABLE bd1_1511068."COMPRADORES" 
   (	"CPF" CHAR(12 BYTE), 
	"NOME" VARCHAR2(15 BYTE), 
	"SOBRENOME" VARCHAR2(15 BYTE), 
	"CIDADE" VARCHAR2(25 BYTE), 
	"ESTADO" CHAR(2 BYTE)
   ) PCTFREE 10 PCTUSED 40 INITRANS 1 MAXTRANS 255 NOCOMPRESS LOGGING
  STORAGE(INITIAL 65536 NEXT 1048576 MINEXTENTS 1 MAXEXTENTS 2147483645
  PCTINCREASE 0 FREELISTS 1 FREELIST GROUPS 1 BUFFER_POOL DEFAULT)
  TABLESPACE "USERS" ;
--------------------------------------------------------
--  DDL for Table GARAGENS
--------------------------------------------------------

  CREATE TABLE bd1_1511068."GARAGENS" 
   (	"CODAUTO" NUMBER(*,0), 
	"ANOAUTO" NUMBER(4,0), 
	"CNPJREVENDA" NUMBER(*,0), 
	"QUANTIDADE" NUMBER(*,0)
   ) PCTFREE 10 PCTUSED 40 INITRANS 1 MAXTRANS 255 NOCOMPRESS LOGGING
  STORAGE(INITIAL 65536 NEXT 1048576 MINEXTENTS 1 MAXEXTENTS 2147483645
  PCTINCREASE 0 FREELISTS 1 FREELIST GROUPS 1 BUFFER_POOL DEFAULT)
  TABLESPACE "USERS" ;
--------------------------------------------------------
--  DDL for Table NEGOCIOS
--------------------------------------------------------

  CREATE TABLE bd1_1511068."NEGOCIOS" 
   (	"CODAUTO" NUMBER(*,0), 
	"ANOAUTO" NUMBER(4,0), 
	"REVENDA" NUMBER(*,0), 
	"COMPRADOR" CHAR(12 BYTE), 
	"DATA" DATE, 
	"PRECO" NUMBER(15,2)
   ) PCTFREE 10 PCTUSED 40 INITRANS 1 MAXTRANS 255 NOCOMPRESS LOGGING
  STORAGE(INITIAL 65536 NEXT 1048576 MINEXTENTS 1 MAXEXTENTS 2147483645
  PCTINCREASE 0 FREELISTS 1 FREELIST GROUPS 1 BUFFER_POOL DEFAULT)
  TABLESPACE "USERS" ;
--------------------------------------------------------
--  DDL for Table REVENDEDORAS
--------------------------------------------------------

  CREATE TABLE bd1_1511068."REVENDEDORAS" 
   (	"CNPJ" NUMBER(*,0), 
	"NOME" VARCHAR2(50 BYTE), 
	"PROPRIETARIO" VARCHAR2(50 BYTE), 
	"ESTADO" CHAR(2 BYTE), 
	"CIDADE" VARCHAR2(25 BYTE)
   ) PCTFREE 10 PCTUSED 40 INITRANS 1 MAXTRANS 255 NOCOMPRESS LOGGING
  STORAGE(INITIAL 65536 NEXT 1048576 MINEXTENTS 1 MAXEXTENTS 2147483645
  PCTINCREASE 0 FREELISTS 1 FREELIST GROUPS 1 BUFFER_POOL DEFAULT)
  TABLESPACE "USERS" ;
REM INSERTING into bd1_1511068.AUTOMOVEIS
SET DEFINE OFF;
Insert into bd1_1511068.AUTOMOVEIS (CODIGO,ANO,FABRICANTE,MODELO,PRECO_TABELA,PAIS) values (1031,1992,'Chevrolet','Chevette',7200,'EUA');
Insert into bd1_1511068.AUTOMOVEIS (CODIGO,ANO,FABRICANTE,MODELO,PRECO_TABELA,PAIS) values (1041,1995,'Citroen','AX',25000,'Franca');
Insert into bd1_1511068.AUTOMOVEIS (CODIGO,ANO,FABRICANTE,MODELO,PRECO_TABELA,PAIS) values (1022,1985,'Ford','Del Rey',4800,'EUA');
Insert into bd1_1511068.AUTOMOVEIS (CODIGO,ANO,FABRICANTE,MODELO,PRECO_TABELA,PAIS) values (1031,1993,'Chevrolet','Chevette',7900,'EUA');
Insert into bd1_1511068.AUTOMOVEIS (CODIGO,ANO,FABRICANTE,MODELO,PRECO_TABELA,PAIS) values (1051,1988,'Fiat','Elba',6200,'Italia');
Insert into bd1_1511068.AUTOMOVEIS (CODIGO,ANO,FABRICANTE,MODELO,PRECO_TABELA,PAIS) values (1051,1989,'Fiat','Elba',7600,'Italia');
Insert into bd1_1511068.AUTOMOVEIS (CODIGO,ANO,FABRICANTE,MODELO,PRECO_TABELA,PAIS) values (1023,1987,'Ford','Escort',7000,'EUA');
Insert into bd1_1511068.AUTOMOVEIS (CODIGO,ANO,FABRICANTE,MODELO,PRECO_TABELA,PAIS) values (1023,1988,'Ford','Escort',7800,'EUA');
Insert into bd1_1511068.AUTOMOVEIS (CODIGO,ANO,FABRICANTE,MODELO,PRECO_TABELA,PAIS) values (1023,1995,'Ford','Escort',14400,'EUA');
Insert into bd1_1511068.AUTOMOVEIS (CODIGO,ANO,FABRICANTE,MODELO,PRECO_TABELA,PAIS) values (1012,1995,'Volkswagen','Gol',10500,'Alemanha');
Insert into bd1_1511068.AUTOMOVEIS (CODIGO,ANO,FABRICANTE,MODELO,PRECO_TABELA,PAIS) values (1013,1995,'Volkswagen','Kombi',12000,'Alemanha');
Insert into bd1_1511068.AUTOMOVEIS (CODIGO,ANO,FABRICANTE,MODELO,PRECO_TABELA,PAIS) values (1061,1994,'General Motors','Monza',18000,'EUA');
Insert into bd1_1511068.AUTOMOVEIS (CODIGO,ANO,FABRICANTE,MODELO,PRECO_TABELA,PAIS) values (1014,1995,'Volkswagen','Parati',15200,'Alemanha');
Insert into bd1_1511068.AUTOMOVEIS (CODIGO,ANO,FABRICANTE,MODELO,PRECO_TABELA,PAIS) values (1071,1993,'Gurgel','BR800',6500,'Brasil');
Insert into bd1_1511068.AUTOMOVEIS (CODIGO,ANO,FABRICANTE,MODELO,PRECO_TABELA,PAIS) values (1081,2016,'Honda','Civic',37000,'Japao');
Insert into bd1_1511068.AUTOMOVEIS (CODIGO,ANO,FABRICANTE,MODELO,PRECO_TABELA,PAIS) values (1281,2016,'Hyundai','Elantra',19500,'Coreia');
Insert into bd1_1511068.AUTOMOVEIS (CODIGO,ANO,FABRICANTE,MODELO,PRECO_TABELA,PAIS) values (1101,1992,'Lada','Laika',5500,'Russia');
Insert into bd1_1511068.AUTOMOVEIS (CODIGO,ANO,FABRICANTE,MODELO,PRECO_TABELA,PAIS) values (1101,1993,'Lada','Laika',6200,'Russia');
Insert into bd1_1511068.AUTOMOVEIS (CODIGO,ANO,FABRICANTE,MODELO,PRECO_TABELA,PAIS) values (1052,1993,'Fiat','Tempra',18800,'Italia');
Insert into bd1_1511068.AUTOMOVEIS (CODIGO,ANO,FABRICANTE,MODELO,PRECO_TABELA,PAIS) values (1111,1995,'Suzuki','Sidekick',36000,'Japao');
Insert into bd1_1511068.AUTOMOVEIS (CODIGO,ANO,FABRICANTE,MODELO,PRECO_TABELA,PAIS) values (1102,1992,'Lada','Niva',7800,'Russia');
Insert into bd1_1511068.AUTOMOVEIS (CODIGO,ANO,FABRICANTE,MODELO,PRECO_TABELA,PAIS) values (1071,1994,'Gurgel','BR800',7500,'Brasil');
Insert into bd1_1511068.AUTOMOVEIS (CODIGO,ANO,FABRICANTE,MODELO,PRECO_TABELA,PAIS) values (1032,1995,'Chevrolet','Corsa Wind',7350,'EUA');
Insert into bd1_1511068.AUTOMOVEIS (CODIGO,ANO,FABRICANTE,MODELO,PRECO_TABELA,PAIS) values (1121,1995,'Renault','Twingo',11322,'Franca');
Insert into bd1_1511068.AUTOMOVEIS (CODIGO,ANO,FABRICANTE,MODELO,PRECO_TABELA,PAIS) values (1131,1995,'Peugeot','205',11400,'Franca');
Insert into bd1_1511068.AUTOMOVEIS (CODIGO,ANO,FABRICANTE,MODELO,PRECO_TABELA,PAIS) values (1053,1995,'Fiat','Tipo',13000,'Italia');
Insert into bd1_1511068.AUTOMOVEIS (CODIGO,ANO,FABRICANTE,MODELO,PRECO_TABELA,PAIS) values (1082,1995,'Honda','Civic',22870,'Japao');
Insert into bd1_1511068.AUTOMOVEIS (CODIGO,ANO,FABRICANTE,MODELO,PRECO_TABELA,PAIS) values (1141,1995,'Audi','80',52000,'Alemanha');
Insert into bd1_1511068.AUTOMOVEIS (CODIGO,ANO,FABRICANTE,MODELO,PRECO_TABELA,PAIS) values (1142,1995,'Audi','100',60000,'Alemanha');
Insert into bd1_1511068.AUTOMOVEIS (CODIGO,ANO,FABRICANTE,MODELO,PRECO_TABELA,PAIS) values (1151,1995,'BMW','318',51000,'Alemanha');
Insert into bd1_1511068.AUTOMOVEIS (CODIGO,ANO,FABRICANTE,MODELO,PRECO_TABELA,PAIS) values (1042,2016,'Citroen','C4',46000,'Franca');
Insert into bd1_1511068.AUTOMOVEIS (CODIGO,ANO,FABRICANTE,MODELO,PRECO_TABELA,PAIS) values (1011,1990,'Volkswagen','Apollo',9000,'Alemanha');
Insert into bd1_1511068.AUTOMOVEIS (CODIGO,ANO,FABRICANTE,MODELO,PRECO_TABELA,PAIS) values (1011,1992,'Volkswagen','Apollo',10600,'Alemanha');
Insert into bd1_1511068.AUTOMOVEIS (CODIGO,ANO,FABRICANTE,MODELO,PRECO_TABELA,PAIS) values (1012,1994,'Volkswagen','Gol',9300,'Alemanha');
Insert into bd1_1511068.AUTOMOVEIS (CODIGO,ANO,FABRICANTE,MODELO,PRECO_TABELA,PAIS) values (1014,1994,'Volkswagen','Parati',12400,'Alemanha');
Insert into bd1_1511068.AUTOMOVEIS (CODIGO,ANO,FABRICANTE,MODELO,PRECO_TABELA,PAIS) values (1061,1988,'General Motors','Monza',7500,'EUA');
Insert into bd1_1511068.AUTOMOVEIS (CODIGO,ANO,FABRICANTE,MODELO,PRECO_TABELA,PAIS) values (1052,1994,'Fiat','Tempra',20500,'Italia');
Insert into bd1_1511068.AUTOMOVEIS (CODIGO,ANO,FABRICANTE,MODELO,PRECO_TABELA,PAIS) values (1023,1989,'Ford','Escort',8300,'EUA');
Insert into bd1_1511068.AUTOMOVEIS (CODIGO,ANO,FABRICANTE,MODELO,PRECO_TABELA,PAIS) values (1051,1990,'Fiat','Elba',10800,'Italia');
Insert into bd1_1511068.AUTOMOVEIS (CODIGO,ANO,FABRICANTE,MODELO,PRECO_TABELA,PAIS) values (1023,1990,'Ford','Escort',9000,'EUA');
Insert into bd1_1511068.AUTOMOVEIS (CODIGO,ANO,FABRICANTE,MODELO,PRECO_TABELA,PAIS) values (1021,1989,'Ford','Belina',8800,'EUA');
Insert into bd1_1511068.AUTOMOVEIS (CODIGO,ANO,FABRICANTE,MODELO,PRECO_TABELA,PAIS) values (1033,1995,'Chevrolet','Corsa GL',11950,'EUA');
Insert into bd1_1511068.AUTOMOVEIS (CODIGO,ANO,FABRICANTE,MODELO,PRECO_TABELA,PAIS) values (1011,1993,'Volkswagen','Apollo',11100,'Alemanha');
Insert into bd1_1511068.AUTOMOVEIS (CODIGO,ANO,FABRICANTE,MODELO,PRECO_TABELA,PAIS) values (1031,1989,'Chevrolet','Chevette',7000,'EUA');
Insert into bd1_1511068.AUTOMOVEIS (CODIGO,ANO,FABRICANTE,MODELO,PRECO_TABELA,PAIS) values (1012,1992,'Volkswagen','Gol',8000,'Alemanha');
Insert into bd1_1511068.AUTOMOVEIS (CODIGO,ANO,FABRICANTE,MODELO,PRECO_TABELA,PAIS) values (1052,1995,'Fiat','Tempra',34000,'Italia');
Insert into bd1_1511068.AUTOMOVEIS (CODIGO,ANO,FABRICANTE,MODELO,PRECO_TABELA,PAIS) values (1161,1995,'Volvo','460',40000,'Suecia');
Insert into bd1_1511068.AUTOMOVEIS (CODIGO,ANO,FABRICANTE,MODELO,PRECO_TABELA,PAIS) values (1171,1995,'Daihatsu','Charade',20000,'Coreia');
Insert into bd1_1511068.AUTOMOVEIS (CODIGO,ANO,FABRICANTE,MODELO,PRECO_TABELA,PAIS) values (1181,1995,'Porsche','938 GTS',180000,'UK');
Insert into bd1_1511068.AUTOMOVEIS (CODIGO,ANO,FABRICANTE,MODELO,PRECO_TABELA,PAIS) values (1132,1995,'Peugeot','405',30000,'Franca');
Insert into bd1_1511068.AUTOMOVEIS (CODIGO,ANO,FABRICANTE,MODELO,PRECO_TABELA,PAIS) values (1133,1995,'Peugeot','605',55000,'Franca');
Insert into bd1_1511068.AUTOMOVEIS (CODIGO,ANO,FABRICANTE,MODELO,PRECO_TABELA,PAIS) values (1282,1995,'Hyundai','Elantra',27000,'Coreia');
Insert into bd1_1511068.AUTOMOVEIS (CODIGO,ANO,FABRICANTE,MODELO,PRECO_TABELA,PAIS) values (1162,1995,'Volvo','850',70000,'Suecia');
Insert into bd1_1511068.AUTOMOVEIS (CODIGO,ANO,FABRICANTE,MODELO,PRECO_TABELA,PAIS) values (1191,1995,'Mercedez Benz','C200',60000,'Alemanha');
Insert into bd1_1511068.AUTOMOVEIS (CODIGO,ANO,FABRICANTE,MODELO,PRECO_TABELA,PAIS) values (1122,1995,'Renault','19',25000,'Franca');
Insert into bd1_1511068.AUTOMOVEIS (CODIGO,ANO,FABRICANTE,MODELO,PRECO_TABELA,PAIS) values (1022,1986,'Ford','Del Rey',6000,'EUA');
Insert into bd1_1511068.AUTOMOVEIS (CODIGO,ANO,FABRICANTE,MODELO,PRECO_TABELA,PAIS) values (1023,1992,'Ford','Escort',9700,'EUA');
Insert into bd1_1511068.AUTOMOVEIS (CODIGO,ANO,FABRICANTE,MODELO,PRECO_TABELA,PAIS) values (1023,1993,'Ford','Escort',10800,'EUA');
Insert into bd1_1511068.AUTOMOVEIS (CODIGO,ANO,FABRICANTE,MODELO,PRECO_TABELA,PAIS) values (1051,1995,'Fiat','Elba',18300,'Italia');
Insert into bd1_1511068.AUTOMOVEIS (CODIGO,ANO,FABRICANTE,MODELO,PRECO_TABELA,PAIS) values (1061,1989,'General Motors','Monza',9800,'EUA');
Insert into bd1_1511068.AUTOMOVEIS (CODIGO,ANO,FABRICANTE,MODELO,PRECO_TABELA,PAIS) values (1103,1992,'Lada','Samara',8000,'Russia');
Insert into bd1_1511068.AUTOMOVEIS (CODIGO,ANO,FABRICANTE,MODELO,PRECO_TABELA,PAIS) values (1152,1995,'BMW','325',68000,'Alemanha');
Insert into bd1_1511068.AUTOMOVEIS (CODIGO,ANO,FABRICANTE,MODELO,PRECO_TABELA,PAIS) values (1153,1995,'BMW','530',93000,'Alemanha');
Insert into bd1_1511068.AUTOMOVEIS (CODIGO,ANO,FABRICANTE,MODELO,PRECO_TABELA,PAIS) values (1201,1995,'Ferrari','512',330000,'Italia');
Insert into bd1_1511068.AUTOMOVEIS (CODIGO,ANO,FABRICANTE,MODELO,PRECO_TABELA,PAIS) values (1211,1995,'Land Rover','Defender',35000,'Inglaterra');
Insert into bd1_1511068.AUTOMOVEIS (CODIGO,ANO,FABRICANTE,MODELO,PRECO_TABELA,PAIS) values (1221,1995,'Mitsubishi','Pajero',45000,'Japao');
Insert into bd1_1511068.AUTOMOVEIS (CODIGO,ANO,FABRICANTE,MODELO,PRECO_TABELA,PAIS) values (1231,1995,'Mazda','626',36000,'Japao');
Insert into bd1_1511068.AUTOMOVEIS (CODIGO,ANO,FABRICANTE,MODELO,PRECO_TABELA,PAIS) values (1123,1995,'Renault','Nevada',27000,'Franca');
Insert into bd1_1511068.AUTOMOVEIS (CODIGO,ANO,FABRICANTE,MODELO,PRECO_TABELA,PAIS) values (1241,1995,'Rolls Royce','Corniche',499000,'Inglaterra');
Insert into bd1_1511068.AUTOMOVEIS (CODIGO,ANO,FABRICANTE,MODELO,PRECO_TABELA,PAIS) values (1112,1995,'Suzuki','Canvas',15000,'Japao');
Insert into bd1_1511068.AUTOMOVEIS (CODIGO,ANO,FABRICANTE,MODELO,PRECO_TABELA,PAIS) values (1192,1995,'Mercedez Benz','C280',70000,'Alemanha');
Insert into bd1_1511068.AUTOMOVEIS (CODIGO,ANO,FABRICANTE,MODELO,PRECO_TABELA,PAIS) values (1251,1995,'Toyota','Paseo',35000,'Japao');
Insert into bd1_1511068.AUTOMOVEIS (CODIGO,ANO,FABRICANTE,MODELO,PRECO_TABELA,PAIS) values (1043,1995,'Citroen','ZX',30000,'Franca');
Insert into bd1_1511068.AUTOMOVEIS (CODIGO,ANO,FABRICANTE,MODELO,PRECO_TABELA,PAIS) values (1021,1988,'Ford','Belina',8000,'EUA');
Insert into bd1_1511068.AUTOMOVEIS (CODIGO,ANO,FABRICANTE,MODELO,PRECO_TABELA,PAIS) values (1104,1992,'Lada','Pantanal',8500,'Russia');
Insert into bd1_1511068.AUTOMOVEIS (CODIGO,ANO,FABRICANTE,MODELO,PRECO_TABELA,PAIS) values (1081,1995,'Honda','Accord',48000,'Japao');
Insert into bd1_1511068.AUTOMOVEIS (CODIGO,ANO,FABRICANTE,MODELO,PRECO_TABELA,PAIS) values (1022,1987,'Ford','Del Rey',7000,'EUA');
Insert into bd1_1511068.AUTOMOVEIS (CODIGO,ANO,FABRICANTE,MODELO,PRECO_TABELA,PAIS) values (1031,1987,'Chevrolet','Chevette',6000,'EUA');
Insert into bd1_1511068.AUTOMOVEIS (CODIGO,ANO,FABRICANTE,MODELO,PRECO_TABELA,PAIS) values (1012,1990,'Volkswagen','Gol',7300,'Alemanha');
Insert into bd1_1511068.AUTOMOVEIS (CODIGO,ANO,FABRICANTE,MODELO,PRECO_TABELA,PAIS) values (1051,1993,'Fiat','Elba',12600,'Italia');
Insert into bd1_1511068.AUTOMOVEIS (CODIGO,ANO,FABRICANTE,MODELO,PRECO_TABELA,PAIS) values (1261,1995,'Nissan','Sentra',38000,'Japao');
Insert into bd1_1511068.AUTOMOVEIS (CODIGO,ANO,FABRICANTE,MODELO,PRECO_TABELA,PAIS) values (1113,1995,'Suzuki','Vitara',25000,'Japao');
Insert into bd1_1511068.AUTOMOVEIS (CODIGO,ANO,FABRICANTE,MODELO,PRECO_TABELA,PAIS) values (1222,1995,'Mitsubishi','Galant',40000,'Japao');
Insert into bd1_1511068.AUTOMOVEIS (CODIGO,ANO,FABRICANTE,MODELO,PRECO_TABELA,PAIS) values (1154,1995,'BMW','840',147000,'Alemanha');
Insert into bd1_1511068.AUTOMOVEIS (CODIGO,ANO,FABRICANTE,MODELO,PRECO_TABELA,PAIS) values (1232,1995,'Mazda','MX',32000,'Japao');
Insert into bd1_1511068.AUTOMOVEIS (CODIGO,ANO,FABRICANTE,MODELO,PRECO_TABELA,PAIS) values (1252,1995,'Toyota','Corolla',38000,'Japao');
Insert into bd1_1511068.AUTOMOVEIS (CODIGO,ANO,FABRICANTE,MODELO,PRECO_TABELA,PAIS) values (1014,1993,'Volkswagen','Parati',10800,'Alemanha');
Insert into bd1_1511068.AUTOMOVEIS (CODIGO,ANO,FABRICANTE,MODELO,PRECO_TABELA,PAIS) values (1081,1993,'Honda','Accord',40000,'Japao');
Insert into bd1_1511068.AUTOMOVEIS (CODIGO,ANO,FABRICANTE,MODELO,PRECO_TABELA,PAIS) values (1061,1993,'General Motors','Monza',16000,'EUA');
Insert into bd1_1511068.AUTOMOVEIS (CODIGO,ANO,FABRICANTE,MODELO,PRECO_TABELA,PAIS) values (1061,1990,'General Motors','Monza',11000,'EUA');
Insert into bd1_1511068.AUTOMOVEIS (CODIGO,ANO,FABRICANTE,MODELO,PRECO_TABELA,PAIS) values (1014,1990,'Volkswagen','Parati',8800,'Alemanha');
Insert into bd1_1511068.AUTOMOVEIS (CODIGO,ANO,FABRICANTE,MODELO,PRECO_TABELA,PAIS) values (1044,1995,'Citroen','XM',65000,'Franca');
Insert into bd1_1511068.AUTOMOVEIS (CODIGO,ANO,FABRICANTE,MODELO,PRECO_TABELA,PAIS) values (1124,1995,'Renault','21',29000,'Franca');
Insert into bd1_1511068.AUTOMOVEIS (CODIGO,ANO,FABRICANTE,MODELO,PRECO_TABELA,PAIS) values (1202,1995,'Ferrari','348',215000,'Italia');
Insert into bd1_1511068.AUTOMOVEIS (CODIGO,ANO,FABRICANTE,MODELO,PRECO_TABELA,PAIS) values (1233,1995,'Mazda','Protege',26000,'Japao');
Insert into bd1_1511068.AUTOMOVEIS (CODIGO,ANO,FABRICANTE,MODELO,PRECO_TABELA,PAIS) values (1262,1995,'Nissan','Pathfinder',43000,'Japao');
Insert into bd1_1511068.AUTOMOVEIS (CODIGO,ANO,FABRICANTE,MODELO,PRECO_TABELA,PAIS) values (1182,1995,'Porsche','921 Carrera',140000,'Inglaterra');
Insert into bd1_1511068.AUTOMOVEIS (CODIGO,ANO,FABRICANTE,MODELO,PRECO_TABELA,PAIS) values (1271,1995,'Daewoo','Espero',23000,'Coreia');
Insert into bd1_1511068.AUTOMOVEIS (CODIGO,ANO,FABRICANTE,MODELO,PRECO_TABELA,PAIS) values (1041,1994,'Citroen','AX',21000,'Franca');
Insert into bd1_1511068.AUTOMOVEIS (CODIGO,ANO,FABRICANTE,MODELO,PRECO_TABELA,PAIS) values (1021,1987,'Ford','Belina',5700,'EUA');
Insert into bd1_1511068.AUTOMOVEIS (CODIGO,ANO,FABRICANTE,MODELO,PRECO_TABELA,PAIS) values (1212,1995,'Land Rover','Discovery',63000,'Inglaterra');
Insert into bd1_1511068.AUTOMOVEIS (CODIGO,ANO,FABRICANTE,MODELO,PRECO_TABELA,PAIS) values (1114,1995,'Suzuki','Swift',20000,'Japao');
Insert into bd1_1511068.AUTOMOVEIS (CODIGO,ANO,FABRICANTE,MODELO,PRECO_TABELA,PAIS) values (1193,1995,'Mercedes Benz','E280',85000,'Alemanha');
Insert into bd1_1511068.AUTOMOVEIS (CODIGO,ANO,FABRICANTE,MODELO,PRECO_TABELA,PAIS) values (1172,1995,'Daihatsu','Feroza',28000,'Coreia');
Insert into bd1_1511068.AUTOMOVEIS (CODIGO,ANO,FABRICANTE,MODELO,PRECO_TABELA,PAIS) values (1253,1995,'Toyota','Previa',68000,'Japao');
Insert into bd1_1511068.AUTOMOVEIS (CODIGO,ANO,FABRICANTE,MODELO,PRECO_TABELA,PAIS) values (1194,1995,'Mercedes Benz','S500',170000,'Alemanha');
Insert into bd1_1511068.AUTOMOVEIS (CODIGO,ANO,FABRICANTE,MODELO,PRECO_TABELA,PAIS) values (1223,1995,'Mitsubishi','Lancer',29000,'Japao');
Insert into bd1_1511068.AUTOMOVEIS (CODIGO,ANO,FABRICANTE,MODELO,PRECO_TABELA,PAIS) values (1022,1989,'Ford','Del Rey',9300,'EUA');
Insert into bd1_1511068.AUTOMOVEIS (CODIGO,ANO,FABRICANTE,MODELO,PRECO_TABELA,PAIS) values (1023,1994,'Ford','Escort',12500,'EUA');
Insert into bd1_1511068.AUTOMOVEIS (CODIGO,ANO,FABRICANTE,MODELO,PRECO_TABELA,PAIS) values (1014,1992,'Volkswagen','Parati',9800,'Alemanha');
Insert into bd1_1511068.AUTOMOVEIS (CODIGO,ANO,FABRICANTE,MODELO,PRECO_TABELA,PAIS) values (1012,1993,'Volkswagen','Gol',8600,'Alemanha');
Insert into bd1_1511068.AUTOMOVEIS (CODIGO,ANO,FABRICANTE,MODELO,PRECO_TABELA,PAIS) values (1254,1995,'Toyota','Hilux',52000,'Japao');
Insert into bd1_1511068.AUTOMOVEIS (CODIGO,ANO,FABRICANTE,MODELO,PRECO_TABELA,PAIS) values (1115,1995,'Suzuki','Samurai',18000,'Japao');
Insert into bd1_1511068.AUTOMOVEIS (CODIGO,ANO,FABRICANTE,MODELO,PRECO_TABELA,PAIS) values (1083,1995,'Honda','Legend',90000,'Japao');
Insert into bd1_1511068.AUTOMOVEIS (CODIGO,ANO,FABRICANTE,MODELO,PRECO_TABELA,PAIS) values (1031,1984,'Chevrolet','Chevette',4300,'EUA');
REM INSERTING into bd1_1511068.COMPRADORES
SET DEFINE OFF;
Insert into bd1_1511068.COMPRADORES (CPF,NOME,SOBRENOME,CIDADE,ESTADO) values ('5500-0      ','Pedro','Cardoso','Rio de Janeiro','RJ');
Insert into bd1_1511068.COMPRADORES (CPF,NOME,SOBRENOME,CIDADE,ESTADO) values ('6300-0      ','Guilherme','Fontes','Rio de Janeiro','RJ');
Insert into bd1_1511068.COMPRADORES (CPF,NOME,SOBRENOME,CIDADE,ESTADO) values ('6030-0      ','Joao','Nogueira','Rio de Janeiro','RJ');
Insert into bd1_1511068.COMPRADORES (CPF,NOME,SOBRENOME,CIDADE,ESTADO) values ('5002-2      ','Antonio','Candido','Rio de Janeiro','RJ');
Insert into bd1_1511068.COMPRADORES (CPF,NOME,SOBRENOME,CIDADE,ESTADO) values ('7450-0      ','Vitor','Assis Brasil','Rio de Janeiro','RJ');
Insert into bd1_1511068.COMPRADORES (CPF,NOME,SOBRENOME,CIDADE,ESTADO) values ('9010-0      ','Danuza','Leao','Rio de Janeiro','RJ');
Insert into bd1_1511068.COMPRADORES (CPF,NOME,SOBRENOME,CIDADE,ESTADO) values ('8999-9      ','Paulo','Moska','Rio de Janeiro','RJ');
Insert into bd1_1511068.COMPRADORES (CPF,NOME,SOBRENOME,CIDADE,ESTADO) values ('7451-1      ','Marcos','Paulo','Rio de Janeiro','RJ');
Insert into bd1_1511068.COMPRADORES (CPF,NOME,SOBRENOME,CIDADE,ESTADO) values ('5637-7      ','Roberto','Saturnino Braga','Rio de Janeiro','RJ');
Insert into bd1_1511068.COMPRADORES (CPF,NOME,SOBRENOME,CIDADE,ESTADO) values ('6228-8      ','Benedita','da Silva','Rio de Janeiro','RJ');
Insert into bd1_1511068.COMPRADORES (CPF,NOME,SOBRENOME,CIDADE,ESTADO) values ('7101-1      ','Silvio','Santos','Sao Paulo','SP');
Insert into bd1_1511068.COMPRADORES (CPF,NOME,SOBRENOME,CIDADE,ESTADO) values ('5112-2      ','Filipe','Pinheiro','Rio de Janeiro','RJ');
Insert into bd1_1511068.COMPRADORES (CPF,NOME,SOBRENOME,CIDADE,ESTADO) values ('6789-9      ','Vicente','Celestino','Rio de Janeiro','RJ');
Insert into bd1_1511068.COMPRADORES (CPF,NOME,SOBRENOME,CIDADE,ESTADO) values ('8981-1      ','Gilberto','Velho','Rio de Janeiro','RJ');
Insert into bd1_1511068.COMPRADORES (CPF,NOME,SOBRENOME,CIDADE,ESTADO) values ('8894-4      ','Tereza','Raquel','Rio de Janeiro','RJ');
Insert into bd1_1511068.COMPRADORES (CPF,NOME,SOBRENOME,CIDADE,ESTADO) values ('5371-1      ','Luis Fernando','Verissimo','Rio de Janeiro','RJ');
Insert into bd1_1511068.COMPRADORES (CPF,NOME,SOBRENOME,CIDADE,ESTADO) values ('5221-1      ','Roseana','Sarney','Sao Luiz','MA');
Insert into bd1_1511068.COMPRADORES (CPF,NOME,SOBRENOME,CIDADE,ESTADO) values ('5222-2      ','Luis Inacio','da Silva','Sao Paulo','SP');
Insert into bd1_1511068.COMPRADORES (CPF,NOME,SOBRENOME,CIDADE,ESTADO) values ('8775-5      ','Leonel','Brizola','Rio de Janeiro','RJ');
Insert into bd1_1511068.COMPRADORES (CPF,NOME,SOBRENOME,CIDADE,ESTADO) values ('8912-2      ','Ulysses','Guimaraes','Sao Paulo','SP');
Insert into bd1_1511068.COMPRADORES (CPF,NOME,SOBRENOME,CIDADE,ESTADO) values ('9888-8      ','Roberto','Carlos','Rio de Janeiro','RJ');
Insert into bd1_1511068.COMPRADORES (CPF,NOME,SOBRENOME,CIDADE,ESTADO) values ('5598-8      ','Marina','Lima','Rio de Janeiro','RJ');
Insert into bd1_1511068.COMPRADORES (CPF,NOME,SOBRENOME,CIDADE,ESTADO) values ('9753-3      ','Caetano','Veloso','Salvador','BA');
Insert into bd1_1511068.COMPRADORES (CPF,NOME,SOBRENOME,CIDADE,ESTADO) values ('9791-1      ','Fernando H','Cardoso','Brasilia','DF');
Insert into bd1_1511068.COMPRADORES (CPF,NOME,SOBRENOME,CIDADE,ESTADO) values ('7773-3      ','Espiridiao','Amin','Brasilia','DF');
Insert into bd1_1511068.COMPRADORES (CPF,NOME,SOBRENOME,CIDADE,ESTADO) values ('7192-2      ','Ricardo','Gomes Raimundo','Paris','FR');
Insert into bd1_1511068.COMPRADORES (CPF,NOME,SOBRENOME,CIDADE,ESTADO) values ('6675-5      ','Rubens','Barichello','Jordan','F1');
Insert into bd1_1511068.COMPRADORES (CPF,NOME,SOBRENOME,CIDADE,ESTADO) values ('5698-8      ','Romario','de Souza Faria','Rio de Janeiro','RJ');
Insert into bd1_1511068.COMPRADORES (CPF,NOME,SOBRENOME,CIDADE,ESTADO) values ('6565-5      ','Claudio','Besserman Viana','Rio de Janeiro','RJ');
Insert into bd1_1511068.COMPRADORES (CPF,NOME,SOBRENOME,CIDADE,ESTADO) values ('7659-9      ','Joao','Gilberto','Rio de Janeiro','RJ');
Insert into bd1_1511068.COMPRADORES (CPF,NOME,SOBRENOME,CIDADE,ESTADO) values ('6568-8      ','Caetano','Veloso','Rio de Janeiro','RJ');
Insert into bd1_1511068.COMPRADORES (CPF,NOME,SOBRENOME,CIDADE,ESTADO) values ('8745-5      ','Vera','Fischer','Rio de Janeiro','RJ');
Insert into bd1_1511068.COMPRADORES (CPF,NOME,SOBRENOME,CIDADE,ESTADO) values ('6329-9      ','Orestes','Quercia','Sao Paulo','SP');
Insert into bd1_1511068.COMPRADORES (CPF,NOME,SOBRENOME,CIDADE,ESTADO) values ('6551-1      ','Adolpho','Bloch','Rio de Janeiro','RJ');
Insert into bd1_1511068.COMPRADORES (CPF,NOME,SOBRENOME,CIDADE,ESTADO) values ('7554-4      ','Sergio','Chapellin','Rio de Janeiro','RJ');
Insert into bd1_1511068.COMPRADORES (CPF,NOME,SOBRENOME,CIDADE,ESTADO) values ('9982-2      ','Edson','Arantes','Brasilia','DF');
Insert into bd1_1511068.COMPRADORES (CPF,NOME,SOBRENOME,CIDADE,ESTADO) values ('8973-3      ','Artur','Antunes Coimbra','Rio de Janeiro','RJ');
Insert into bd1_1511068.COMPRADORES (CPF,NOME,SOBRENOME,CIDADE,ESTADO) values ('6435-5      ','Boris','Casoy','Sao Paulo','SP');
Insert into bd1_1511068.COMPRADORES (CPF,NOME,SOBRENOME,CIDADE,ESTADO) values ('7685-5      ','Rubens','Ricupero','Roma','IT');
Insert into bd1_1511068.COMPRADORES (CPF,NOME,SOBRENOME,CIDADE,ESTADO) values ('5677-7      ','Camila','Pitanga','Rio de Janeiro','RJ');
Insert into bd1_1511068.COMPRADORES (CPF,NOME,SOBRENOME,CIDADE,ESTADO) values ('8876-6      ','Cid','Moreira','Rio de Janeiro','RJ');
Insert into bd1_1511068.COMPRADORES (CPF,NOME,SOBRENOME,CIDADE,ESTADO) values ('9874-4      ','Willian','Bonner','Brasilia','DF');
Insert into bd1_1511068.COMPRADORES (CPF,NOME,SOBRENOME,CIDADE,ESTADO) values ('7677-7      ','Marisa','Monte','Rio de Janeiro','RJ');
Insert into bd1_1511068.COMPRADORES (CPF,NOME,SOBRENOME,CIDADE,ESTADO) values ('8699-9      ','Tonia','Carrero','Rio de Janeiro','RJ');
Insert into bd1_1511068.COMPRADORES (CPF,NOME,SOBRENOME,CIDADE,ESTADO) values ('7633-3      ','Jose Bonifacio','de Oliveira','Rio de Janeiro','RJ');
Insert into bd1_1511068.COMPRADORES (CPF,NOME,SOBRENOME,CIDADE,ESTADO) values ('9444-4      ','Otavio','Mesquita','Sao Paulo','SP');
Insert into bd1_1511068.COMPRADORES (CPF,NOME,SOBRENOME,CIDADE,ESTADO) values ('8763-3      ','Eduardo','Suplicy','Brasilia','DF');
Insert into bd1_1511068.COMPRADORES (CPF,NOME,SOBRENOME,CIDADE,ESTADO) values ('7324-4      ','Mario','Covas','Sao Paulo','SP');
Insert into bd1_1511068.COMPRADORES (CPF,NOME,SOBRENOME,CIDADE,ESTADO) values ('6512-2      ','Miguel','Arraes','Recife','PE');
Insert into bd1_1511068.COMPRADORES (CPF,NOME,SOBRENOME,CIDADE,ESTADO) values ('9594-4      ','Ivo','Pitanguy','Rio de Janeiro','RJ');
Insert into bd1_1511068.COMPRADORES (CPF,NOME,SOBRENOME,CIDADE,ESTADO) values ('7761-1      ','Olavo','Bilac','Belo Horizonte','MG');
Insert into bd1_1511068.COMPRADORES (CPF,NOME,SOBRENOME,CIDADE,ESTADO) values ('9831-1      ','Oswaldo','Cruz','Rio de Janeiro','RJ');
Insert into bd1_1511068.COMPRADORES (CPF,NOME,SOBRENOME,CIDADE,ESTADO) values ('9785-5      ','Marcello','Alencar','Rio de Janeiro','RJ');
Insert into bd1_1511068.COMPRADORES (CPF,NOME,SOBRENOME,CIDADE,ESTADO) values ('8922-2      ','Roberto','Campos','Brasilia','DF');
Insert into bd1_1511068.COMPRADORES (CPF,NOME,SOBRENOME,CIDADE,ESTADO) values ('5755-5      ','Mario','Amato','Sao Paulo','SP');
Insert into bd1_1511068.COMPRADORES (CPF,NOME,SOBRENOME,CIDADE,ESTADO) values ('5111-1      ','Paulo Cesar','Farias','Maceio','AL');
Insert into bd1_1511068.COMPRADORES (CPF,NOME,SOBRENOME,CIDADE,ESTADO) values ('6738-8      ','Roberto','Marinho','Rio de Janeiro','RJ');
Insert into bd1_1511068.COMPRADORES (CPF,NOME,SOBRENOME,CIDADE,ESTADO) values ('5775-5      ','Cassia','Eller','Rio de Janeiro','RJ');
Insert into bd1_1511068.COMPRADORES (CPF,NOME,SOBRENOME,CIDADE,ESTADO) values ('7119-9      ','Claudio','Taffarel','Porto Alegre','RS');
Insert into bd1_1511068.COMPRADORES (CPF,NOME,SOBRENOME,CIDADE,ESTADO) values ('7911-1      ','Sandra','Passarinho','Londres','UK');
Insert into bd1_1511068.COMPRADORES (CPF,NOME,SOBRENOME,CIDADE,ESTADO) values ('6734-4      ','Getulio','Vargas','Rio de Janeiro','RJ');
Insert into bd1_1511068.COMPRADORES (CPF,NOME,SOBRENOME,CIDADE,ESTADO) values ('6662-2      ','Paulo Roberto','Falcao','Porto Alegre','RS');
Insert into bd1_1511068.COMPRADORES (CPF,NOME,SOBRENOME,CIDADE,ESTADO) values ('8888-8      ','Jose','Sarney','Brasilia','DF');
Insert into bd1_1511068.COMPRADORES (CPF,NOME,SOBRENOME,CIDADE,ESTADO) values ('6766-6      ','Saulo','Ramos','Brasilia','DF');
Insert into bd1_1511068.COMPRADORES (CPF,NOME,SOBRENOME,CIDADE,ESTADO) values ('9993-3      ','Francisco','Buarque','Rio de Janeiro','RJ');
Insert into bd1_1511068.COMPRADORES (CPF,NOME,SOBRENOME,CIDADE,ESTADO) values ('8744-4      ','Jose Carlos','Araujo','Rio de Janeiro','RJ');
Insert into bd1_1511068.COMPRADORES (CPF,NOME,SOBRENOME,CIDADE,ESTADO) values ('7355-5      ','Kleber','Leite','Rio de Janeiro','RJ');
Insert into bd1_1511068.COMPRADORES (CPF,NOME,SOBRENOME,CIDADE,ESTADO) values ('8746-6      ','Armando','Nogueira','Rio de Janeiro','RJ');
Insert into bd1_1511068.COMPRADORES (CPF,NOME,SOBRENOME,CIDADE,ESTADO) values ('6668-8      ','Gutenberg','Guarabira','Sobradinho','BA');
Insert into bd1_1511068.COMPRADORES (CPF,NOME,SOBRENOME,CIDADE,ESTADO) values ('6726-6      ','Persio','Arida','Brasilia','DF');
REM INSERTING into bd1_1511068.GARAGENS
SET DEFINE OFF;
Insert into bd1_1511068.GARAGENS (CODAUTO,ANOAUTO,CNPJREVENDA,QUANTIDADE) values (1081,2016,10870,2);
Insert into bd1_1511068.GARAGENS (CODAUTO,ANOAUTO,CNPJREVENDA,QUANTIDADE) values (1081,2016,10490,3);
Insert into bd1_1511068.GARAGENS (CODAUTO,ANOAUTO,CNPJREVENDA,QUANTIDADE) values (1041,1995,10020,5);
Insert into bd1_1511068.GARAGENS (CODAUTO,ANOAUTO,CNPJREVENDA,QUANTIDADE) values (1031,1992,10870,3);
Insert into bd1_1511068.GARAGENS (CODAUTO,ANOAUTO,CNPJREVENDA,QUANTIDADE) values (1051,1988,10780,2);
Insert into bd1_1511068.GARAGENS (CODAUTO,ANOAUTO,CNPJREVENDA,QUANTIDADE) values (1011,1990,10340,2);
Insert into bd1_1511068.GARAGENS (CODAUTO,ANOAUTO,CNPJREVENDA,QUANTIDADE) values (1053,1995,10100,5);
Insert into bd1_1511068.GARAGENS (CODAUTO,ANOAUTO,CNPJREVENDA,QUANTIDADE) values (1061,1994,10790,1);
Insert into bd1_1511068.GARAGENS (CODAUTO,ANOAUTO,CNPJREVENDA,QUANTIDADE) values (1021,1989,10980,2);
Insert into bd1_1511068.GARAGENS (CODAUTO,ANOAUTO,CNPJREVENDA,QUANTIDADE) values (1023,1989,10930,4);
Insert into bd1_1511068.GARAGENS (CODAUTO,ANOAUTO,CNPJREVENDA,QUANTIDADE) values (1041,1994,10020,5);
Insert into bd1_1511068.GARAGENS (CODAUTO,ANOAUTO,CNPJREVENDA,QUANTIDADE) values (1121,1995,10490,3);
Insert into bd1_1511068.GARAGENS (CODAUTO,ANOAUTO,CNPJREVENDA,QUANTIDADE) values (1082,1995,10010,2);
Insert into bd1_1511068.GARAGENS (CODAUTO,ANOAUTO,CNPJREVENDA,QUANTIDADE) values (1031,1993,10870,3);
Insert into bd1_1511068.GARAGENS (CODAUTO,ANOAUTO,CNPJREVENDA,QUANTIDADE) values (1012,1994,10070,5);
Insert into bd1_1511068.GARAGENS (CODAUTO,ANOAUTO,CNPJREVENDA,QUANTIDADE) values (1051,1989,10780,2);
Insert into bd1_1511068.GARAGENS (CODAUTO,ANOAUTO,CNPJREVENDA,QUANTIDADE) values (1131,1995,10510,3);
Insert into bd1_1511068.GARAGENS (CODAUTO,ANOAUTO,CNPJREVENDA,QUANTIDADE) values (1101,1993,10780,3);
Insert into bd1_1511068.GARAGENS (CODAUTO,ANOAUTO,CNPJREVENDA,QUANTIDADE) values (1013,1995,10370,6);
Insert into bd1_1511068.GARAGENS (CODAUTO,ANOAUTO,CNPJREVENDA,QUANTIDADE) values (1142,1995,10220,1);
Insert into bd1_1511068.GARAGENS (CODAUTO,ANOAUTO,CNPJREVENDA,QUANTIDADE) values (1014,1995,10690,3);
Insert into bd1_1511068.GARAGENS (CODAUTO,ANOAUTO,CNPJREVENDA,QUANTIDADE) values (1022,1985,10520,1);
Insert into bd1_1511068.GARAGENS (CODAUTO,ANOAUTO,CNPJREVENDA,QUANTIDADE) values (1051,1989,10200,2);
Insert into bd1_1511068.GARAGENS (CODAUTO,ANOAUTO,CNPJREVENDA,QUANTIDADE) values (1041,1995,10030,2);
Insert into bd1_1511068.GARAGENS (CODAUTO,ANOAUTO,CNPJREVENDA,QUANTIDADE) values (1151,1995,10810,1);
Insert into bd1_1511068.GARAGENS (CODAUTO,ANOAUTO,CNPJREVENDA,QUANTIDADE) values (1241,1995,10090,1);
Insert into bd1_1511068.GARAGENS (CODAUTO,ANOAUTO,CNPJREVENDA,QUANTIDADE) values (1132,1995,10250,3);
Insert into bd1_1511068.GARAGENS (CODAUTO,ANOAUTO,CNPJREVENDA,QUANTIDADE) values (1021,1987,10360,2);
Insert into bd1_1511068.GARAGENS (CODAUTO,ANOAUTO,CNPJREVENDA,QUANTIDADE) values (1154,1995,10430,2);
Insert into bd1_1511068.GARAGENS (CODAUTO,ANOAUTO,CNPJREVENDA,QUANTIDADE) values (1012,1994,10340,5);
Insert into bd1_1511068.GARAGENS (CODAUTO,ANOAUTO,CNPJREVENDA,QUANTIDADE) values (1023,1993,10450,3);
Insert into bd1_1511068.GARAGENS (CODAUTO,ANOAUTO,CNPJREVENDA,QUANTIDADE) values (1231,1995,10280,1);
Insert into bd1_1511068.GARAGENS (CODAUTO,ANOAUTO,CNPJREVENDA,QUANTIDADE) values (1111,1995,10150,2);
Insert into bd1_1511068.GARAGENS (CODAUTO,ANOAUTO,CNPJREVENDA,QUANTIDADE) values (1014,1992,10540,3);
Insert into bd1_1511068.GARAGENS (CODAUTO,ANOAUTO,CNPJREVENDA,QUANTIDADE) values (1052,1994,10610,4);
Insert into bd1_1511068.GARAGENS (CODAUTO,ANOAUTO,CNPJREVENDA,QUANTIDADE) values (1051,1990,10200,3);
Insert into bd1_1511068.GARAGENS (CODAUTO,ANOAUTO,CNPJREVENDA,QUANTIDADE) values (1051,1993,10200,5);
Insert into bd1_1511068.GARAGENS (CODAUTO,ANOAUTO,CNPJREVENDA,QUANTIDADE) values (1031,1989,10210,2);
Insert into bd1_1511068.GARAGENS (CODAUTO,ANOAUTO,CNPJREVENDA,QUANTIDADE) values (1201,1995,10560,1);
Insert into bd1_1511068.GARAGENS (CODAUTO,ANOAUTO,CNPJREVENDA,QUANTIDADE) values (1043,1995,10420,2);
Insert into bd1_1511068.GARAGENS (CODAUTO,ANOAUTO,CNPJREVENDA,QUANTIDADE) values (1211,1995,10540,1);
Insert into bd1_1511068.GARAGENS (CODAUTO,ANOAUTO,CNPJREVENDA,QUANTIDADE) values (1252,1995,10810,2);
Insert into bd1_1511068.GARAGENS (CODAUTO,ANOAUTO,CNPJREVENDA,QUANTIDADE) values (1261,1995,10310,1);
Insert into bd1_1511068.GARAGENS (CODAUTO,ANOAUTO,CNPJREVENDA,QUANTIDADE) values (1181,1995,10580,1);
Insert into bd1_1511068.GARAGENS (CODAUTO,ANOAUTO,CNPJREVENDA,QUANTIDADE) values (1044,1995,10600,2);
Insert into bd1_1511068.GARAGENS (CODAUTO,ANOAUTO,CNPJREVENDA,QUANTIDADE) values (1071,1993,10740,3);
Insert into bd1_1511068.GARAGENS (CODAUTO,ANOAUTO,CNPJREVENDA,QUANTIDADE) values (1052,1994,10150,2);
Insert into bd1_1511068.GARAGENS (CODAUTO,ANOAUTO,CNPJREVENDA,QUANTIDADE) values (1152,1995,10030,1);
Insert into bd1_1511068.GARAGENS (CODAUTO,ANOAUTO,CNPJREVENDA,QUANTIDADE) values (1262,1995,10490,1);
Insert into bd1_1511068.GARAGENS (CODAUTO,ANOAUTO,CNPJREVENDA,QUANTIDADE) values (1162,1995,10760,2);
Insert into bd1_1511068.GARAGENS (CODAUTO,ANOAUTO,CNPJREVENDA,QUANTIDADE) values (1113,1995,10540,3);
Insert into bd1_1511068.GARAGENS (CODAUTO,ANOAUTO,CNPJREVENDA,QUANTIDADE) values (1132,1995,10120,2);
Insert into bd1_1511068.GARAGENS (CODAUTO,ANOAUTO,CNPJREVENDA,QUANTIDADE) values (1041,1995,10360,3);
Insert into bd1_1511068.GARAGENS (CODAUTO,ANOAUTO,CNPJREVENDA,QUANTIDADE) values (1172,1995,10170,2);
Insert into bd1_1511068.GARAGENS (CODAUTO,ANOAUTO,CNPJREVENDA,QUANTIDADE) values (1161,1995,10700,1);
Insert into bd1_1511068.GARAGENS (CODAUTO,ANOAUTO,CNPJREVENDA,QUANTIDADE) values (1162,1995,10700,1);
Insert into bd1_1511068.GARAGENS (CODAUTO,ANOAUTO,CNPJREVENDA,QUANTIDADE) values (1102,1992,10370,3);
Insert into bd1_1511068.GARAGENS (CODAUTO,ANOAUTO,CNPJREVENDA,QUANTIDADE) values (1061,1989,10030,2);
Insert into bd1_1511068.GARAGENS (CODAUTO,ANOAUTO,CNPJREVENDA,QUANTIDADE) values (1011,1990,10070,3);
Insert into bd1_1511068.GARAGENS (CODAUTO,ANOAUTO,CNPJREVENDA,QUANTIDADE) values (1022,1989,10310,2);
Insert into bd1_1511068.GARAGENS (CODAUTO,ANOAUTO,CNPJREVENDA,QUANTIDADE) values (1043,1995,10100,2);
Insert into bd1_1511068.GARAGENS (CODAUTO,ANOAUTO,CNPJREVENDA,QUANTIDADE) values (1271,1995,10370,1);
Insert into bd1_1511068.GARAGENS (CODAUTO,ANOAUTO,CNPJREVENDA,QUANTIDADE) values (1113,1995,10680,2);
Insert into bd1_1511068.GARAGENS (CODAUTO,ANOAUTO,CNPJREVENDA,QUANTIDADE) values (1133,1995,10600,2);
Insert into bd1_1511068.GARAGENS (CODAUTO,ANOAUTO,CNPJREVENDA,QUANTIDADE) values (1014,1994,10740,4);
Insert into bd1_1511068.GARAGENS (CODAUTO,ANOAUTO,CNPJREVENDA,QUANTIDADE) values (1014,1994,10280,2);
Insert into bd1_1511068.GARAGENS (CODAUTO,ANOAUTO,CNPJREVENDA,QUANTIDADE) values (1014,1992,10780,3);
Insert into bd1_1511068.GARAGENS (CODAUTO,ANOAUTO,CNPJREVENDA,QUANTIDADE) values (1111,1995,10100,3);
Insert into bd1_1511068.GARAGENS (CODAUTO,ANOAUTO,CNPJREVENDA,QUANTIDADE) values (1031,1992,10200,4);
Insert into bd1_1511068.GARAGENS (CODAUTO,ANOAUTO,CNPJREVENDA,QUANTIDADE) values (1041,1994,10540,2);
Insert into bd1_1511068.GARAGENS (CODAUTO,ANOAUTO,CNPJREVENDA,QUANTIDADE) values (1051,1993,10780,2);
Insert into bd1_1511068.GARAGENS (CODAUTO,ANOAUTO,CNPJREVENDA,QUANTIDADE) values (1021,1988,10630,2);
REM INSERTING into bd1_1511068.NEGOCIOS
SET DEFINE OFF;
Insert into bd1_1511068.NEGOCIOS (CODAUTO,ANOAUTO,REVENDA,COMPRADOR,DATA,PRECO) values (1111,1995,10460,'7685-5      ',to_date('15-AUG-95','DD-MON-RR'),8250);
Insert into bd1_1511068.NEGOCIOS (CODAUTO,ANOAUTO,REVENDA,COMPRADOR,DATA,PRECO) values (1051,1990,10980,'7119-9      ',to_date('29-JUN-95','DD-MON-RR'),11000);
Insert into bd1_1511068.NEGOCIOS (CODAUTO,ANOAUTO,REVENDA,COMPRADOR,DATA,PRECO) values (1121,1995,10140,'6738-8      ',to_date('09-MAR-95','DD-MON-RR'),61500);
Insert into bd1_1511068.NEGOCIOS (CODAUTO,ANOAUTO,REVENDA,COMPRADOR,DATA,PRECO) values (1053,1995,10780,'6675-5      ',to_date('05-MAY-95','DD-MON-RR'),14000);
Insert into bd1_1511068.NEGOCIOS (CODAUTO,ANOAUTO,REVENDA,COMPRADOR,DATA,PRECO) values (1021,1989,10310,'5598-8      ',to_date('21-JUL-95','DD-MON-RR'),9100);
Insert into bd1_1511068.NEGOCIOS (CODAUTO,ANOAUTO,REVENDA,COMPRADOR,DATA,PRECO) values (1121,1995,10500,'5111-1      ',to_date('22-FEB-95','DD-MON-RR'),63000);
Insert into bd1_1511068.NEGOCIOS (CODAUTO,ANOAUTO,REVENDA,COMPRADOR,DATA,PRECO) values (1023,1995,10339,'9010-0      ',to_date('08-SEP-95','DD-MON-RR'),15900);
Insert into bd1_1511068.NEGOCIOS (CODAUTO,ANOAUTO,REVENDA,COMPRADOR,DATA,PRECO) values (1131,1995,10010,'8894-4      ',to_date('20-MAY-95','DD-MON-RR'),15000);
Insert into bd1_1511068.NEGOCIOS (CODAUTO,ANOAUTO,REVENDA,COMPRADOR,DATA,PRECO) values (1081,2016,10070,'5500-0      ',to_date('01-MAR-16','DD-MON-RR'),8500);
Insert into bd1_1511068.NEGOCIOS (CODAUTO,ANOAUTO,REVENDA,COMPRADOR,DATA,PRECO) values (1081,2016,10339,'8775-5      ',to_date('01-AUG-15','DD-MON-RR'),6500);
Insert into bd1_1511068.NEGOCIOS (CODAUTO,ANOAUTO,REVENDA,COMPRADOR,DATA,PRECO) values (1151,1995,10170,'8775-5      ',to_date('25-AUG-95','DD-MON-RR'),53000);
Insert into bd1_1511068.NEGOCIOS (CODAUTO,ANOAUTO,REVENDA,COMPRADOR,DATA,PRECO) values (1071,1994,10040,'5222-2      ',to_date('13-MAR-95','DD-MON-RR'),6900);
Insert into bd1_1511068.NEGOCIOS (CODAUTO,ANOAUTO,REVENDA,COMPRADOR,DATA,PRECO) values (1052,1995,10200,'6568-8      ',to_date('10-APR-95','DD-MON-RR'),21600);
Insert into bd1_1511068.NEGOCIOS (CODAUTO,ANOAUTO,REVENDA,COMPRADOR,DATA,PRECO) values (1023,1989,10930,'7554-4      ',to_date('15-JAN-95','DD-MON-RR'),9000);
Insert into bd1_1511068.NEGOCIOS (CODAUTO,ANOAUTO,REVENDA,COMPRADOR,DATA,PRECO) values (1011,1990,10340,'8973-3      ',to_date('05-FEB-95','DD-MON-RR'),9300);
Insert into bd1_1511068.NEGOCIOS (CODAUTO,ANOAUTO,REVENDA,COMPRADOR,DATA,PRECO) values (1141,1995,10090,'9594-4      ',to_date('20-MAR-95','DD-MON-RR'),54000);
Insert into bd1_1511068.NEGOCIOS (CODAUTO,ANOAUTO,REVENDA,COMPRADOR,DATA,PRECO) values (1053,1995,10120,'8745-5      ',to_date('15-MAY-95','DD-MON-RR'),13900);
Insert into bd1_1511068.NEGOCIOS (CODAUTO,ANOAUTO,REVENDA,COMPRADOR,DATA,PRECO) values (1032,1995,10540,'9831-1      ',to_date('12-FEB-95','DD-MON-RR'),9200);
Insert into bd1_1511068.NEGOCIOS (CODAUTO,ANOAUTO,REVENDA,COMPRADOR,DATA,PRECO) values (1102,1992,10660,'9444-4      ',to_date('07-MAY-95','DD-MON-RR'),8000);
Insert into bd1_1511068.NEGOCIOS (CODAUTO,ANOAUTO,REVENDA,COMPRADOR,DATA,PRECO) values (1281,2016,10280,'9874-4      ',to_date('30-SEP-15','DD-MON-RR'),20500);
Insert into bd1_1511068.NEGOCIOS (CODAUTO,ANOAUTO,REVENDA,COMPRADOR,DATA,PRECO) values (1121,1995,10490,'5111-1      ',to_date('12-FEB-95','DD-MON-RR'),13400);
Insert into bd1_1511068.NEGOCIOS (CODAUTO,ANOAUTO,REVENDA,COMPRADOR,DATA,PRECO) values (1131,1995,10140,'8912-2      ',to_date('24-MAR-95','DD-MON-RR'),13800);
Insert into bd1_1511068.NEGOCIOS (CODAUTO,ANOAUTO,REVENDA,COMPRADOR,DATA,PRECO) values (1014,1995,10690,'6329-9      ',to_date('15-JAN-95','DD-MON-RR'),16800);
Insert into bd1_1511068.NEGOCIOS (CODAUTO,ANOAUTO,REVENDA,COMPRADOR,DATA,PRECO) values (1111,1995,10240,'7192-2      ',to_date('22-MAR-95','DD-MON-RR'),40000);
Insert into bd1_1511068.NEGOCIOS (CODAUTO,ANOAUTO,REVENDA,COMPRADOR,DATA,PRECO) values (1051,1988,10780,'7451-1      ',to_date('23-MAR-95','DD-MON-RR'),7800);
Insert into bd1_1511068.NEGOCIOS (CODAUTO,ANOAUTO,REVENDA,COMPRADOR,DATA,PRECO) values (1031,1992,10870,'7101-1      ',to_date('07-APR-95','DD-MON-RR'),8200);
Insert into bd1_1511068.NEGOCIOS (CODAUTO,ANOAUTO,REVENDA,COMPRADOR,DATA,PRECO) values (1021,1987,10580,'7773-3      ',to_date('14-JAN-95','DD-MON-RR'),5300);
Insert into bd1_1511068.NEGOCIOS (CODAUTO,ANOAUTO,REVENDA,COMPRADOR,DATA,PRECO) values (1033,1995,10080,'5698-8      ',to_date('02-MAY-95','DD-MON-RR'),14400);
Insert into bd1_1511068.NEGOCIOS (CODAUTO,ANOAUTO,REVENDA,COMPRADOR,DATA,PRECO) values (1061,1994,10790,'5221-1      ',to_date('15-APR-95','DD-MON-RR'),19500);
Insert into bd1_1511068.NEGOCIOS (CODAUTO,ANOAUTO,REVENDA,COMPRADOR,DATA,PRECO) values (1061,1994,10790,'5002-2      ',to_date('15-APR-95','DD-MON-RR'),19500);
Insert into bd1_1511068.NEGOCIOS (CODAUTO,ANOAUTO,REVENDA,COMPRADOR,DATA,PRECO) values (1281,2016,10280,'5002-2      ',to_date('30-SEP-15','DD-MON-RR'),12500);
Insert into bd1_1511068.NEGOCIOS (CODAUTO,ANOAUTO,REVENDA,COMPRADOR,DATA,PRECO) values (1281,2016,10280,'6435-5      ',to_date('30-JAN-16','DD-MON-RR'),10500);
Insert into bd1_1511068.NEGOCIOS (CODAUTO,ANOAUTO,REVENDA,COMPRADOR,DATA,PRECO) values (1121,1995,10490,'6435-5      ',to_date('12-FEB-95','DD-MON-RR'),13400);
Insert into bd1_1511068.NEGOCIOS (CODAUTO,ANOAUTO,REVENDA,COMPRADOR,DATA,PRECO) values (1131,1995,10140,'6435-5      ',to_date('24-MAR-95','DD-MON-RR'),13800);
REM INSERTING into bd1_1511068.REVENDEDORAS
SET DEFINE OFF;
Insert into bd1_1511068.REVENDEDORAS (CNPJ,NOME,PROPRIETARIO,ESTADO,CIDADE) values (10010,'Self Car','3553-2','RJ','Rio de Janeiro');
Insert into bd1_1511068.REVENDEDORAS (CNPJ,NOME,PROPRIETARIO,ESTADO,CIDADE) values (10510,'Del Serra','0512-1','RJ','Petropolis');
Insert into bd1_1511068.REVENDEDORAS (CNPJ,NOME,PROPRIETARIO,ESTADO,CIDADE) values (10100,'Self Car','0232-4','BA','Salvador');
Insert into bd1_1511068.REVENDEDORAS (CNPJ,NOME,PROPRIETARIO,ESTADO,CIDADE) values (10060,'Deluxe','0121-2','SP','Sao Paulo');
Insert into bd1_1511068.REVENDEDORAS (CNPJ,NOME,PROPRIETARIO,ESTADO,CIDADE) values (10880,'Galileo','7654-3','PI','Teresina');
Insert into bd1_1511068.REVENDEDORAS (CNPJ,NOME,PROPRIETARIO,ESTADO,CIDADE) values (10960,'Quorum','3113-1','AM','Manaus');
Insert into bd1_1511068.REVENDEDORAS (CNPJ,NOME,PROPRIETARIO,ESTADO,CIDADE) values (10790,'Caltabiano','1221-7','PE','Recife');
Insert into bd1_1511068.REVENDEDORAS (CNPJ,NOME,PROPRIETARIO,ESTADO,CIDADE) values (10800,'Semap','6576-9','SP','Sao Paulo');
Insert into bd1_1511068.REVENDEDORAS (CNPJ,NOME,PROPRIETARIO,ESTADO,CIDADE) values (10460,'Tania','9978-2','DF','Distrito Federal');
Insert into bd1_1511068.REVENDEDORAS (CNPJ,NOME,PROPRIETARIO,ESTADO,CIDADE) values (10980,'Sul Dive','1776-0','RS','Porto Alegre');
Insert into bd1_1511068.REVENDEDORAS (CNPJ,NOME,PROPRIETARIO,ESTADO,CIDADE) values (10330,'Dirija','3553-2','RJ','Campos');
Insert into bd1_1511068.REVENDEDORAS (CNPJ,NOME,PROPRIETARIO,ESTADO,CIDADE) values (10020,'Courcelles','0232-4','BA','Salvador');
Insert into bd1_1511068.REVENDEDORAS (CNPJ,NOME,PROPRIETARIO,ESTADO,CIDADE) values (10030,'Bahia Veiculos','3553-2','BA','Ilheus');
Insert into bd1_1511068.REVENDEDORAS (CNPJ,NOME,PROPRIETARIO,ESTADO,CIDADE) values (10040,'Fracalanza','1776-0','PE','Olinda');
Insert into bd1_1511068.REVENDEDORAS (CNPJ,NOME,PROPRIETARIO,ESTADO,CIDADE) values (10690,'Sopave','3553-2','RJ','Rio de Janeiro');
Insert into bd1_1511068.REVENDEDORAS (CNPJ,NOME,PROPRIETARIO,ESTADO,CIDADE) values (10750,'La Penna','1776-0','RJ','Rio de Janeiro');
Insert into bd1_1511068.REVENDEDORAS (CNPJ,NOME,PROPRIETARIO,ESTADO,CIDADE) values (10970,'Tiana','1221-7','MG','Betim');
Insert into bd1_1511068.REVENDEDORAS (CNPJ,NOME,PROPRIETARIO,ESTADO,CIDADE) values (10500,'Joauto','0121-2','MG','Juiz de Fora');
Insert into bd1_1511068.REVENDEDORAS (CNPJ,NOME,PROPRIETARIO,ESTADO,CIDADE) values (10640,'Biguacu','3553-2','PR','Curitiba');
Insert into bd1_1511068.REVENDEDORAS (CNPJ,NOME,PROPRIETARIO,ESTADO,CIDADE) values (10650,'Enseada','1776-0','SC','Florianopolis');
Insert into bd1_1511068.REVENDEDORAS (CNPJ,NOME,PROPRIETARIO,ESTADO,CIDADE) values (10410,'Abolicao','1221-7','MG','Belo Horizonte');
Insert into bd1_1511068.REVENDEDORAS (CNPJ,NOME,PROPRIETARIO,ESTADO,CIDADE) values (10200,'Izio','3553-2','RJ','Petropolis');
Insert into bd1_1511068.REVENDEDORAS (CNPJ,NOME,PROPRIETARIO,ESTADO,CIDADE) values (10110,'Self Car','0121-2','ES','Vitoria');
Insert into bd1_1511068.REVENDEDORAS (CNPJ,NOME,PROPRIETARIO,ESTADO,CIDADE) values (10780,'Santo Amaro','1776-0','ES','Vitoria');
Insert into bd1_1511068.REVENDEDORAS (CNPJ,NOME,PROPRIETARIO,ESTADO,CIDADE) values (10840,'Trevendedorasille','0512-1','ES','Vila Velha');
Insert into bd1_1511068.REVENDEDORAS (CNPJ,NOME,PROPRIETARIO,ESTADO,CIDADE) values (10050,'Fracalanza','3553-2','MG','Belo Horizonte');
Insert into bd1_1511068.REVENDEDORAS (CNPJ,NOME,PROPRIETARIO,ESTADO,CIDADE) values (10480,'Tradicao','0121-2','AM','Manaus');
Insert into bd1_1511068.REVENDEDORAS (CNPJ,NOME,PROPRIETARIO,ESTADO,CIDADE) values (10490,'Hobby','3113-1','PA','Belem');
Insert into bd1_1511068.REVENDEDORAS (CNPJ,NOME,PROPRIETARIO,ESTADO,CIDADE) values (10890,'Master','3553-2','PR','Londrina');
Insert into bd1_1511068.REVENDEDORAS (CNPJ,NOME,PROPRIETARIO,ESTADO,CIDADE) values (10770,'Eufrasio Veiculos','0121-2','PR','Londrina');
Insert into bd1_1511068.REVENDEDORAS (CNPJ,NOME,PROPRIETARIO,ESTADO,CIDADE) values (10370,'Dirija','1776-0','PR','Londrina');
Insert into bd1_1511068.REVENDEDORAS (CNPJ,NOME,PROPRIETARIO,ESTADO,CIDADE) values (10130,'Rivel','3553-2','RJ','Itaborai');
Insert into bd1_1511068.REVENDEDORAS (CNPJ,NOME,PROPRIETARIO,ESTADO,CIDADE) values (10520,'New Center','3113-1','SP','Sao Carlos');
Insert into bd1_1511068.REVENDEDORAS (CNPJ,NOME,PROPRIETARIO,ESTADO,CIDADE) values (10870,'Fiorelli','1221-7','SP','Sao Paulo');
Insert into bd1_1511068.REVENDEDORAS (CNPJ,NOME,PROPRIETARIO,ESTADO,CIDADE) values (10660,'Vimave','3113-1','RS','Porto Alegre');
Insert into bd1_1511068.REVENDEDORAS (CNPJ,NOME,PROPRIETARIO,ESTADO,CIDADE) values (10810,'Mirafiori','3553-2','RJ','Rio de Janeiro');
Insert into bd1_1511068.REVENDEDORAS (CNPJ,NOME,PROPRIETARIO,ESTADO,CIDADE) values (10140,'Exclusive','0121-2','RJ','Rio de Janeiro');
Insert into bd1_1511068.REVENDEDORAS (CNPJ,NOME,PROPRIETARIO,ESTADO,CIDADE) values (10070,'Katai','1776-0','RJ','Rio de Janeiro');
Insert into bd1_1511068.REVENDEDORAS (CNPJ,NOME,PROPRIETARIO,ESTADO,CIDADE) values (10220,'Rio Motor','3553-2','RJ','Rio de Janeiro');
Insert into bd1_1511068.REVENDEDORAS (CNPJ,NOME,PROPRIETARIO,ESTADO,CIDADE) values (10340,'Dirija','1221-7','RJ','Angra dos Reis');
Insert into bd1_1511068.REVENDEDORAS (CNPJ,NOME,PROPRIETARIO,ESTADO,CIDADE) values (10930,'Elivel','1221-7','SP','Santos');
Insert into bd1_1511068.REVENDEDORAS (CNPJ,NOME,PROPRIETARIO,ESTADO,CIDADE) values (10080,'Self Car','3553-2','PE','Recife');
Insert into bd1_1511068.REVENDEDORAS (CNPJ,NOME,PROPRIETARIO,ESTADO,CIDADE) values (10180,'Libra','0121-2','PE','Olinda');
Insert into bd1_1511068.REVENDEDORAS (CNPJ,NOME,PROPRIETARIO,ESTADO,CIDADE) values (10230,'Overcar','1776-0','RS','Porto Alegre');
Insert into bd1_1511068.REVENDEDORAS (CNPJ,NOME,PROPRIETARIO,ESTADO,CIDADE) values (10270,'Lian','0512-1','RJ','Campos');
Insert into bd1_1511068.REVENDEDORAS (CNPJ,NOME,PROPRIETARIO,ESTADO,CIDADE) values (10240,'Carrocar','0512-1','SP','Campinas');
Insert into bd1_1511068.REVENDEDORAS (CNPJ,NOME,PROPRIETARIO,ESTADO,CIDADE) values (10250,'Carrocar','1776-0','AM','Manaus');
Insert into bd1_1511068.REVENDEDORAS (CNPJ,NOME,PROPRIETARIO,ESTADO,CIDADE) values (10430,'Tania','3113-1','DF','Brasilia');
Insert into bd1_1511068.REVENDEDORAS (CNPJ,NOME,PROPRIETARIO,ESTADO,CIDADE) values (10090,'Self Car','3553-2','PR','Curitiba');
Insert into bd1_1511068.REVENDEDORAS (CNPJ,NOME,PROPRIETARIO,ESTADO,CIDADE) values (10120,'Rivel','0512-1','SP','Sao Paulo');
Insert into bd1_1511068.REVENDEDORAS (CNPJ,NOME,PROPRIETARIO,ESTADO,CIDADE) values (10540,'Superauto','0232-4','BA','Feira de Santana');
Insert into bd1_1511068.REVENDEDORAS (CNPJ,NOME,PROPRIETARIO,ESTADO,CIDADE) values (10150,'Exclusive','1221-7','SP','Guaruja');
Insert into bd1_1511068.REVENDEDORAS (CNPJ,NOME,PROPRIETARIO,ESTADO,CIDADE) values (10700,'Brasilwagen','3553-2','RJ','Rio de Janeiro');
Insert into bd1_1511068.REVENDEDORAS (CNPJ,NOME,PROPRIETARIO,ESTADO,CIDADE) values (10210,'Izio','1221-7','ES','Vitoria');
Insert into bd1_1511068.REVENDEDORAS (CNPJ,NOME,PROPRIETARIO,ESTADO,CIDADE) values (10760,'Duarte Chaves','1776-0','RJ','Angra dos Reis');
Insert into bd1_1511068.REVENDEDORAS (CNPJ,NOME,PROPRIETARIO,ESTADO,CIDADE) values (10280,'Lian','1221-7','RS','Bage');
Insert into bd1_1511068.REVENDEDORAS (CNPJ,NOME,PROPRIETARIO,ESTADO,CIDADE) values (10360,'Dirija','0121-2','SP','Diadema');
Insert into bd1_1511068.REVENDEDORAS (CNPJ,NOME,PROPRIETARIO,ESTADO,CIDADE) values (10560,'Davox','3553-2','RN','Natal');
Insert into bd1_1511068.REVENDEDORAS (CNPJ,NOME,PROPRIETARIO,ESTADO,CIDADE) values (10580,'Autohaus','0121-2','MG','Betim');
Insert into bd1_1511068.REVENDEDORAS (CNPJ,NOME,PROPRIETARIO,ESTADO,CIDADE) values (10740,'Premier','1776-0','MG','Juiz de fora');
Insert into bd1_1511068.REVENDEDORAS (CNPJ,NOME,PROPRIETARIO,ESTADO,CIDADE) values (10610,'Mirage','1221-7','BA','Salvador');
Insert into bd1_1511068.REVENDEDORAS (CNPJ,NOME,PROPRIETARIO,ESTADO,CIDADE) values (10680,'Vipa','3553-2','RJ','Resende');
Insert into bd1_1511068.REVENDEDORAS (CNPJ,NOME,PROPRIETARIO,ESTADO,CIDADE) values (10600,'Deck','1221-7','PR','Maringa');
Insert into bd1_1511068.REVENDEDORAS (CNPJ,NOME,PROPRIETARIO,ESTADO,CIDADE) values (10310,'Lian','1776-0','PE','Recife');
Insert into bd1_1511068.REVENDEDORAS (CNPJ,NOME,PROPRIETARIO,ESTADO,CIDADE) values (10170,'Exclusive','0232-4','DF','Brasilia');
Insert into bd1_1511068.REVENDEDORAS (CNPJ,NOME,PROPRIETARIO,ESTADO,CIDADE) values (10630,'Lyon','0232-4','SP','Ribeirao Preto');
Insert into bd1_1511068.REVENDEDORAS (CNPJ,NOME,PROPRIETARIO,ESTADO,CIDADE) values (10450,'Tania','1221-7','SP','Sao Paulo');
Insert into bd1_1511068.REVENDEDORAS (CNPJ,NOME,PROPRIETARIO,ESTADO,CIDADE) values (10290,'Capricornio','0121-2','MG','Belo Horizonte');
Insert into bd1_1511068.REVENDEDORAS (CNPJ,NOME,PROPRIETARIO,ESTADO,CIDADE) values (10420,'Cavox','3553-2','PE','Recife');
Insert into bd1_1511068.REVENDEDORAS (CNPJ,NOME,PROPRIETARIO,ESTADO,CIDADE) values (10339,'Tania','1226-6','SC','Florianopolis');
--------------------------------------------------------
--  DDL for Index SYS_C0063807
--------------------------------------------------------

  CREATE UNIQUE INDEX bd1_1511068."SYS_C0063807" ON bd1_1511068."AUTOMOVEIS" ("CODIGO", "ANO") 
  PCTFREE 10 INITRANS 2 MAXTRANS 255 COMPUTE STATISTICS 
  STORAGE(INITIAL 65536 NEXT 1048576 MINEXTENTS 1 MAXEXTENTS 2147483645
  PCTINCREASE 0 FREELISTS 1 FREELIST GROUPS 1 BUFFER_POOL DEFAULT)
  TABLESPACE "USERS" ;
--------------------------------------------------------
--  DDL for Index SYS_C0063809
--------------------------------------------------------

  CREATE UNIQUE INDEX bd1_1511068."SYS_C0063809" ON bd1_1511068."COMPRADORES" ("CPF") 
  PCTFREE 10 INITRANS 2 MAXTRANS 255 COMPUTE STATISTICS 
  STORAGE(INITIAL 65536 NEXT 1048576 MINEXTENTS 1 MAXEXTENTS 2147483645
  PCTINCREASE 0 FREELISTS 1 FREELIST GROUPS 1 BUFFER_POOL DEFAULT)
  TABLESPACE "USERS" ;
--------------------------------------------------------
--  DDL for Index SYS_C0063815
--------------------------------------------------------

  CREATE UNIQUE INDEX bd1_1511068."SYS_C0063815" ON bd1_1511068."GARAGENS" ("CODAUTO", "ANOAUTO", "CNPJREVENDA") 
  PCTFREE 10 INITRANS 2 MAXTRANS 255 COMPUTE STATISTICS 
  STORAGE(INITIAL 65536 NEXT 1048576 MINEXTENTS 1 MAXEXTENTS 2147483645
  PCTINCREASE 0 FREELISTS 1 FREELIST GROUPS 1 BUFFER_POOL DEFAULT)
  TABLESPACE "USERS" ;
--------------------------------------------------------
--  DDL for Index SYS_C0063822
--------------------------------------------------------

  CREATE UNIQUE INDEX bd1_1511068."SYS_C0063822" ON bd1_1511068."NEGOCIOS" ("CODAUTO", "ANOAUTO", "REVENDA", "COMPRADOR") 
  PCTFREE 10 INITRANS 2 MAXTRANS 255 COMPUTE STATISTICS 
  STORAGE(INITIAL 65536 NEXT 1048576 MINEXTENTS 1 MAXEXTENTS 2147483645
  PCTINCREASE 0 FREELISTS 1 FREELIST GROUPS 1 BUFFER_POOL DEFAULT)
  TABLESPACE "USERS" ;
--------------------------------------------------------
--  DDL for Index SYS_C0063811
--------------------------------------------------------

  CREATE UNIQUE INDEX bd1_1511068."SYS_C0063811" ON bd1_1511068."REVENDEDORAS" ("CNPJ") 
  PCTFREE 10 INITRANS 2 MAXTRANS 255 COMPUTE STATISTICS 
  STORAGE(INITIAL 65536 NEXT 1048576 MINEXTENTS 1 MAXEXTENTS 2147483645
  PCTINCREASE 0 FREELISTS 1 FREELIST GROUPS 1 BUFFER_POOL DEFAULT)
  TABLESPACE "USERS" ;
--------------------------------------------------------
--  Constraints for Table AUTOMOVEIS
--------------------------------------------------------

  ALTER TABLE bd1_1511068."AUTOMOVEIS" MODIFY ("CODIGO" NOT NULL ENABLE);
 
  ALTER TABLE bd1_1511068."AUTOMOVEIS" MODIFY ("ANO" NOT NULL ENABLE);
 
  ALTER TABLE bd1_1511068."AUTOMOVEIS" ADD PRIMARY KEY ("CODIGO", "ANO")
  USING INDEX PCTFREE 10 INITRANS 2 MAXTRANS 255 COMPUTE STATISTICS 
  STORAGE(INITIAL 65536 NEXT 1048576 MINEXTENTS 1 MAXEXTENTS 2147483645
  PCTINCREASE 0 FREELISTS 1 FREELIST GROUPS 1 BUFFER_POOL DEFAULT)
  TABLESPACE "USERS"  ENABLE;
--------------------------------------------------------
--  Constraints for Table COMPRADORES
--------------------------------------------------------

  ALTER TABLE bd1_1511068."COMPRADORES" MODIFY ("CPF" NOT NULL ENABLE);
 
  ALTER TABLE bd1_1511068."COMPRADORES" ADD PRIMARY KEY ("CPF")
  USING INDEX PCTFREE 10 INITRANS 2 MAXTRANS 255 COMPUTE STATISTICS 
  STORAGE(INITIAL 65536 NEXT 1048576 MINEXTENTS 1 MAXEXTENTS 2147483645
  PCTINCREASE 0 FREELISTS 1 FREELIST GROUPS 1 BUFFER_POOL DEFAULT)
  TABLESPACE "USERS"  ENABLE;
--------------------------------------------------------
--  Constraints for Table GARAGENS
--------------------------------------------------------

  ALTER TABLE bd1_1511068."GARAGENS" MODIFY ("CODAUTO" NOT NULL ENABLE);
 
  ALTER TABLE bd1_1511068."GARAGENS" MODIFY ("ANOAUTO" NOT NULL ENABLE);
 
  ALTER TABLE bd1_1511068."GARAGENS" MODIFY ("CNPJREVENDA" NOT NULL ENABLE);
 
  ALTER TABLE bd1_1511068."GARAGENS" ADD PRIMARY KEY ("CODAUTO", "ANOAUTO", "CNPJREVENDA")
  USING INDEX PCTFREE 10 INITRANS 2 MAXTRANS 255 COMPUTE STATISTICS 
  STORAGE(INITIAL 65536 NEXT 1048576 MINEXTENTS 1 MAXEXTENTS 2147483645
  PCTINCREASE 0 FREELISTS 1 FREELIST GROUPS 1 BUFFER_POOL DEFAULT)
  TABLESPACE "USERS"  ENABLE;
--------------------------------------------------------
--  Constraints for Table NEGOCIOS
--------------------------------------------------------

  ALTER TABLE bd1_1511068."NEGOCIOS" MODIFY ("CODAUTO" NOT NULL ENABLE);
 
  ALTER TABLE bd1_1511068."NEGOCIOS" MODIFY ("ANOAUTO" NOT NULL ENABLE);
 
  ALTER TABLE bd1_1511068."NEGOCIOS" MODIFY ("REVENDA" NOT NULL ENABLE);
 
  ALTER TABLE bd1_1511068."NEGOCIOS" MODIFY ("COMPRADOR" NOT NULL ENABLE);
 
  ALTER TABLE bd1_1511068."NEGOCIOS" ADD PRIMARY KEY ("CODAUTO", "ANOAUTO", "REVENDA", "COMPRADOR")
  USING INDEX PCTFREE 10 INITRANS 2 MAXTRANS 255 COMPUTE STATISTICS 
  STORAGE(INITIAL 65536 NEXT 1048576 MINEXTENTS 1 MAXEXTENTS 2147483645
  PCTINCREASE 0 FREELISTS 1 FREELIST GROUPS 1 BUFFER_POOL DEFAULT)
  TABLESPACE "USERS"  ENABLE;
--------------------------------------------------------
--  Constraints for Table REVENDEDORAS
--------------------------------------------------------

  ALTER TABLE bd1_1511068."REVENDEDORAS" MODIFY ("CNPJ" NOT NULL ENABLE);
 
  ALTER TABLE bd1_1511068."REVENDEDORAS" ADD PRIMARY KEY ("CNPJ")
  USING INDEX PCTFREE 10 INITRANS 2 MAXTRANS 255 COMPUTE STATISTICS 
  STORAGE(INITIAL 65536 NEXT 1048576 MINEXTENTS 1 MAXEXTENTS 2147483645
  PCTINCREASE 0 FREELISTS 1 FREELIST GROUPS 1 BUFFER_POOL DEFAULT)
  TABLESPACE "USERS"  ENABLE;
--------------------------------------------------------
--  Ref Constraints for Table GARAGENS
--------------------------------------------------------

  ALTER TABLE bd1_1511068."GARAGENS" ADD FOREIGN KEY ("CNPJREVENDA")
	  REFERENCES bd1_1511068."REVENDEDORAS" ("CNPJ") ENABLE;
 
  ALTER TABLE bd1_1511068."GARAGENS" ADD FOREIGN KEY ("CODAUTO", "ANOAUTO")
	  REFERENCES bd1_1511068."AUTOMOVEIS" ("CODIGO", "ANO") ENABLE;
--------------------------------------------------------
--  Ref Constraints for Table NEGOCIOS
--------------------------------------------------------

  ALTER TABLE bd1_1511068."NEGOCIOS" ADD FOREIGN KEY ("COMPRADOR")
	  REFERENCES bd1_1511068."COMPRADORES" ("CPF") ENABLE;
 
  ALTER TABLE bd1_1511068."NEGOCIOS" ADD FOREIGN KEY ("CODAUTO", "ANOAUTO")
	  REFERENCES bd1_1511068."AUTOMOVEIS" ("CODIGO", "ANO") ENABLE;
 
  ALTER TABLE bd1_1511068."NEGOCIOS" ADD FOREIGN KEY ("REVENDA")
	  REFERENCES bd1_1511068."REVENDEDORAS" ("CNPJ") ENABLE;
--------------------------------------------------------
--  DDL for Function ESTADO_FINAL
--------------------------------------------------------

  CREATE OR REPLACE FUNCTION bd1_1511068."ESTADO_FINAL" ( g1 in Number, g2 in number, pf in number ) 
return number as x number
begin
when pf is null then (
  when ((g1+g2)/2) < 3  then x := 0 ;
  when (g1 < 3) or (g2 < 3) then x := 1;
  when ((g1+g2)/2) > 6 then x := 2;
);
else(
  when ((pf*2 + g1 + g2)/4) >= 5 then x := 2;
  else x := 0;
)
return x
end;

/
--------------------------------------------------------
--  DDL for Function SITUACAOALUNO
--------------------------------------------------------

  CREATE OR REPLACE FUNCTION bd1_1511068."SITUACAOALUNO" 
(G1 IN NUMBER, G2 IN NUMBER, PF IN NUMBER DEFAULT NULL)
RETURN NUMBER
AS
DECLARE
  NUMBER M;
BEGIN
  IF PF IS NULL
  THEN
    M := (G1 + G2)/2;
    IF ( G1<3 OR G2<3 )
    THEN RETURN 1;
    ELSE
      IF M>=6
      THEN RETURN 2;
      ELSE
        IF M<3
        THEN RETURN 0;
        END IF;
      END IF;
    END IF;
  ELSE
    M := (PF * 2 + G1 + G2)/4;
    IF M>=5
    THEN RETURN 2;
    ELSE RETURN 0;
    END IF;
  END IF;
END;

ALTER TABLE EMPREGADO ADD COLUMN
  QTD_DEP NUMBER NULL;

/
